<?xml version="1.0" encoding="UTF-8"?>
<beans xmlns="http://www.springframework.org/schema/beans"
       xmlns:xsi="http://www.w3.org/2001/XMLSchema-instance"
       xmlns:p="http://www.springframework.org/schema/p"
       xsi:schemaLocation="http://www.springframework.org/schema/beans http://www.springframework.org/schema/beans/spring-beans.xsd">
    <bean id="si" class="com.consdemo.Employee">
     <!--   <constructor-arg value="1001" type="int"></constructor-arg>
        <constructor-arg value="XYZ" type="java.lang.String"></constructor-arg> -->
        <constructor-arg>
            <list>
                <value>1001</value>
                <value>1002</value>
                <value>1003</value>
                <value>1005</value>
            </list>
        </constructor-arg>

    </bean>

</beans>